{"_id":1,"maSV":"18049401","dangKyHP":[{"sTT":1,"lopHP":"210701001","trangThai":"DangKyMoi","ketQua":{"diemTK":8,"diemGK":6,"diemCK":10,"diemTB":8.4}},{"sTT":2,"lopHP":"210702002","trangThai":"DangKyMoi","ketQua":{"diemTK":10,"diemGK":10,"diemCK":5,"diemTB":7.5}},{"sTT":3,"lopHP":"210703001","trangThai":"DangKyHocLai","ketQua":{"diemTK":5,"diemGK":4,"diemCK":3,"diemTB":3.7}},{"sTT":4,"lopHP":"210704003","trangThai":"DangKyCaiThien","ketQua":{"diemTK":5,"diemGK":9,"diemCK":8,"diemTB":7.7}},{"sTT":5,"lopHP":"210705002","trangThai":"DangKyMoi","ketQua":{"diemTK":7,"diemGK":4,"diemCK":9,"diemTB":7.1}},{"sTT":6,"lopHP":"210706001","trangThai":"DangKyMoi","ketQua":{"diemTK":7,"diemGK":3,"diemCK":5,"diemTB":4.8}}]}
{"_id":2,"maSV":"18077441","dangKyHP":[{"sTT":1,"lopHP":"210702002","trangThai":"DangKyHocLai","ketQua":{"diemTK":10,"diemGK":9,"diemCK":3,"diemTB":6.2}},{"sTT":2,"lopHP":"210703003","trangThai":"DangKyMoi","ketQua":{"diemTK":9,"diemGK":3,"diemCK":10,"diemTB":7.7}},{"sTT":3,"lopHP":"210701001","trangThai":"DangKyMoi","ketQua":{"diemTK":6,"diemGK":4,"diemCK":9,"diemTB":6.9}},{"sTT":1,"lopHP":"210701003","trangThai":"DangKyMoi","ketQua":{"diemTK":3,"diemGK":5,"diemCK":6,"diemTB":5.1}},{"sTT":2,"lopHP":"210703003","trangThai":"DangKyMoi","ketQua":{"diemTK":7,"diemGK":8,"diemCK":6,"diemTB":6.8}},{"sTT":3,"lopHP":"210704001","trangThai":"DangKyMoi","ketQua":{"diemTK":10,"diemGK":10,"diemCK":5,"diemTB":7.5}}]}
{"_id":3,"maSV":"18089891","dangKyHP":[{"sTT":1,"lopHP":"210701003","trangThai":"DangKyMoi","ketQua":{"diemTK":3,"diemGK":5,"diemCK":6,"diemTB":5.1}},{"sTT":2,"lopHP":"210703003","trangThai":"DangKyMoi","ketQua":{"diemTK":7,"diemGK":8,"diemCK":6,"diemTB":6.8}},{"sTT":3,"lopHP":"210704001","trangThai":"DangKyMoi","ketQua":{"diemTK":10,"diemGK":10,"diemCK":5,"diemTB":7.5}},{"sTT":4,"lopHP":"210704002","trangThai":"DangKyHocLai","ketQua":{"diemTK":5,"diemGK":7,"diemCK":10,"diemTB":8.1}},{"sTT":5,"lopHP":"210702003","trangThai":"DangKyMoi","ketQua":{"diemTK":8,"diemGK":6,"diemCK":7,"diemTB":6.9}},{"sTT":6,"lopHP":"210705003","trangThai":"DangKyHocLai","ketQua":{"diemTK":7,"diemGK":4,"diemCK":8,"diemTB":6.6}}]}
{"_id":4,"maSV":"19490921","dangKyHP":[{"sTT":1,"lopHP":"210704002","trangThai":"DangKyHocLai","ketQua":{"diemTK":5,"diemGK":7,"diemCK":10,"diemTB":8.1}},{"sTT":2,"lopHP":"210702003","trangThai":"DangKyMoi","ketQua":{"diemTK":8,"diemGK":6,"diemCK":7,"diemTB":6.9}},{"sTT":3,"lopHP":"210705003","trangThai":"DangKyHocLai","ketQua":{"diemTK":7,"diemGK":4,"diemCK":8,"diemTB":6.6}},{"sTT":4,"lopHP":"210702001","trangThai":"DangKyMoi","ketQua":{"diemTK":8,"diemGK":6,"diemCK":7,"diemTB":6.9}},{"sTT":5,"lopHP":"210705001","trangThai":"DangKyCaiThien","ketQua":{"diemTK":8,"diemGK":8,"diemCK":7,"diemTB":7.5}},{"sTT":6,"lopHP":"210706002","trangThai":"DangKyMoi","ketQua":{"diemTK":6,"diemGK":8,"diemCK":8,"diemTB":7.6}}]}
{"_id":5,"maSV":"19492951","dangKyHP":[{"sTT":1,"lopHP":"210702001","trangThai":"DangKyMoi","ketQua":{"diemTK":8,"diemGK":6,"diemCK":7,"diemTB":6.9}},{"sTT":2,"lopHP":"210705001","trangThai":"DangKyCaiThien","ketQua":{"diemTK":8,"diemGK":8,"diemCK":7,"diemTB":7.5}},{"sTT":3,"lopHP":"210706002","trangThai":"DangKyMoi","ketQua":{"diemTK":6,"diemGK":8,"diemCK":8,"diemTB":7.6}}]}
