{"_id":1,"maKhoa":"K1000","tenKhoa":"Khoa Công nghệ Cơ khí","chuyenNganh":[{"maNganh":"N010","tenNganh":"Công nghệ kỹ thuật cơ khí","diemTT":15},{"maNganh":"N020","tenNganh":"Công nghệ chế tạo máy","diemTT":14}]}
{"_id":2,"maKhoa":"K1010","tenKhoa":"Khoa Công Nghệ May","chuyenNganh":[{"maNganh":"N030","tenNganh":"Công nghệ dệt, may","diemTT":11},{"maNganh":"N040","tenNganh":"Thiết kế thời trang","diemTT":14}]}
{"_id":3,"maKhoa":"K1020","tenKhoa":"Khoa Công Nghệ Thông Tin","chuyenNganh":[{"maNganh":"N050","tenNganh":"Công nghệ thông tin","diemTT":17},{"maNganh":"N060","tenNganh":"Kỹ thuật phần mềm","diemTT":17},{"maNganh":"N070","tenNganh":"Khoa học máy tính","diemTT":17},{"maNganh":"N080","tenNganh":"Hệ thống thông tin","diemTT":17},{"maNganh":"N090","tenNganh":"Khoa học dữ liệu","diemTT":17}]}
{"_id":4,"maKhoa":"K1030","tenKhoa":"Viện CN Sinh Học - Thực Phẩm","chuyenNganh":[{"maNganh":"N100","tenNganh":"Công nghệ sinh học y dược","diemTT":12},{"maNganh":"N110","tenNganh":"Công nghệ sinh học nông nghiệp","diemTT":12}]}
