{"_id":1,"maSV":"12114321","hoTen":{"ho":"Nguyễn Văn","ten":"Diệu"},"gioiTinh":"Nữ","maLop":"DHCK17","toHopXetTuyen":[{"mon1":"Toán","diem1":3},{"mon2":"Lý","diem2":5},{"mon3":"Hóa","diem3":6}],"tongDiem":14,"diemTrungTuyen":15,"diemUT":0,"noiSinh":"TP Hồ Chí Minh","email":"ngocqnhnd2410@gmqil.com"}
{"_id":2,"maSV":"12090341","hoTen":{"ho":"Trần Văn","ten":"Dương"},"gioiTinh":"Nam","maLop":"DHCK17","toHopXetTuyen":[{"mon1":"Toán","diem1":6},{"mon2":"Lý","diem2":9},{"mon3":"Hóa","diem3":6}],"tongDiem":21,"diemTrungTuyen":15,"diemUT":0,"noiSinh":"Tp. Hà Nội","email":"dev.qnh0801@gmqil.com"}
{"_id":3,"maSV":"12120801","hoTen":{"ho":"Bùi Khải","ten":"Duy"},"gioiTinh":"Nam","maLop":"DHCK17","toHopXetTuyen":[{"mon1":"Toán","diem1":7},{"mon2":"Lý","diem2":8},{"mon3":"Hóa","diem3":8}],"tongDiem":23,"diemTrungTuyen":15,"diemUT":0,"noiSinh":"Trà Vinh","email":"lehuuqnhdongnqm@gqmil.com"}
{"_id":4,"maSV":"12083551","hoTen":{"ho":"Phan","ten":"Hải"},"gioiTinh":"Nam","maLop":"DHCK17","toHopXetTuyen":[{"mon1":"Toán","diem1":4},{"mon2":"Lý","diem2":3},{"mon3":"Hóa","diem3":9}],"tongDiem":16,"diemTrungTuyen":15,"diemUT":0,"noiSinh":"Vĩnh Long","email":"myqnh9776@gmqil.com"}
{"_id":5,"maSV":"12084651","hoTen":{"ho":"Nguyễn Quốc","ten":"Hòa"},"gioiTinh":"Nam","maLop":"DHCK17","toHopXetTuyen":[{"mon1":"Toán","diem1":7},{"mon2":"Lý","diem2":5},{"mon3":"Hóa","diem3":4}],"tongDiem":16,"diemTrungTuyen":15,"diemUT":0,"noiSinh":"Cần Thơ","email":"phqmxuqnqnh3218@gmqil.com"}
{"_id":6,"maSV":"12076881","hoTen":{"ho":"Đoàn Văn","ten":"Hồng"},"gioiTinh":"Nam","maLop":"DHCK17","toHopXetTuyen":[{"mon1":"Toán","diem1":4},{"mon2":"Lý","diem2":9},{"mon3":"Hóa","diem3":9}],"tongDiem":22,"diemTrungTuyen":15,"diemUT":0,"noiSinh":"Thừa Thiên Huế","email":"ngqnh0604hp@gmqil.com"}
{"_id":7,"maSV":"12062541","hoTen":{"ho":"Võ Thanh","ten":"Hùng"},"gioiTinh":"Nam","maLop":"DHCK17","toHopXetTuyen":[{"mon1":"Toán","diem1":10},{"mon2":"Lý","diem2":7},{"mon3":"Hóa","diem3":9}],"tongDiem":26,"diemTrungTuyen":15,"diemUT":0,"noiSinh":"TP Hồ Chí Minh","email":"bqo0132445@gmqil.com"}
{"_id":8,"maSV":"12070991","hoTen":{"ho":"Nguyễn Văn","ten":"Linh"},"gioiTinh":"Nam","maLop":"DHCK17","toHopXetTuyen":[{"mon1":"Toán","diem1":8},{"mon2":"Lý","diem2":10},{"mon3":"Hóa","diem3":8}],"tongDiem":26,"diemTrungTuyen":15,"diemUT":1,"noiSinh":"Tp. Hà Nội","email":"lenhuebinh1703@gmqil.com"}
{"_id":9,"maSV":"12063661","hoTen":{"ho":"Trần Văn","ten":"Lưu"},"gioiTinh":"Nam","maLop":"DHCK17","toHopXetTuyen":[{"mon1":"Toán","diem1":8},{"mon2":"Văn","diem2":10},{"mon3":"Anh Văn","diem3":5}],"tongDiem":23,"diemTrungTuyen":15,"diemUT":1,"noiSinh":"Trà Vinh","email":"nguyenbinheuongehd@gmqil.com"}
{"_id":10,"maSV":"12090871","hoTen":{"ho":"Đinh Văn","ten":"Mạnh"},"gioiTinh":"Nam","maLop":"DHCK17","toHopXetTuyen":[{"mon1":"Toán","diem1":10},{"mon2":"Văn","diem2":3},{"mon3":"Anh Văn","diem3":6}],"tongDiem":19,"diemTrungTuyen":15,"diemUT":1,"noiSinh":"Vĩnh Long","email":"mqichqmmqichqm1234@gmqil.com"}
{"_id":11,"maSV":"12075141","hoTen":{"ho":"Nguyễn Văn","ten":"Nam"},"gioiTinh":"Nam","maLop":"DHCK17","toHopXetTuyen":[{"mon1":"Toán","diem1":9},{"mon2":"Văn","diem2":3},{"mon3":"Anh Văn","diem3":5}],"tongDiem":17,"diemTrungTuyen":15,"diemUT":0,"noiSinh":"Cần Thơ","email":"chqnh28112016e2@gmqil.com"}
{"_id":12,"maSV":"12066301","hoTen":{"ho":"Lê Hùng","ten":"Ninh"},"gioiTinh":"Nam","maLop":"DHCK17","toHopXetTuyen":[{"mon1":"Toán","diem1":8},{"mon2":"Văn","diem2":7},{"mon3":"Anh Văn","diem3":5}],"tongDiem":20,"diemTrungTuyen":15,"diemUT":0,"noiSinh":"Thừa Thiên Huế","email":"eruonghoqngchien155@gmqil.com"}
{"_id":13,"maSV":"12081031","hoTen":{"ho":"Nguyễn Trần","ten":"Quang"},"gioiTinh":"Nam","maLop":"DHCK17","toHopXetTuyen":[{"mon1":"Toán","diem1":10},{"mon2":"Văn","diem2":6},{"mon3":"Anh Văn","diem3":3}],"tongDiem":19,"diemTrungTuyen":15,"diemUT":1,"noiSinh":"TP Hồ Chí Minh","email":"ledongcul1010@gmqil.com"}
{"_id":14,"maSV":"12062511","hoTen":{"ho":"Võ Hoàng","ten":"Thái"},"gioiTinh":"Nam","maLop":"DHCK17","toHopXetTuyen":[{"mon1":"Toán","diem1":7},{"mon2":"Văn","diem2":3},{"mon3":"Anh Văn","diem3":8}],"tongDiem":18,"diemTrungTuyen":15,"diemUT":0,"noiSinh":"Tp. Hà Nội","email":"eiendqnh0974323425@gmqil.com"}
{"_id":15,"maSV":"12112321","hoTen":{"ho":"Nguyễn Minh","ten":"Tiến"},"gioiTinh":"Nam","maLop":"DHCK17","toHopXetTuyen":[{"mon1":"Toán","diem1":9},{"mon2":"Văn","diem2":6},{"mon3":"Anh Văn","diem3":4}],"tongDiem":19,"diemTrungTuyen":15,"diemUT":0,"noiSinh":"Trà Vinh","email":"doehiqnhdqo2411@gmqil.com"}
{"_id":16,"maSV":"12069491","hoTen":{"ho":"Đỗ Trung","ten":"Tín"},"gioiTinh":"Nam","maLop":"DHCK17","toHopXetTuyen":[{"mon1":"Toán","diem1":8},{"mon2":"Văn","diem2":5},{"mon3":"Anh Văn","diem3":8}],"tongDiem":21,"diemTrungTuyen":15,"diemUT":0,"noiSinh":"Đồng Tháp","email":"eovqndieu2000@gmqil.com"}
{"_id":17,"maSV":"12118991","hoTen":{"ho":"Đinh Thanh","ten":"Triều"},"gioiTinh":"Nam","maLop":"DHCK17","toHopXetTuyen":[{"mon1":"Toán","diem1":7},{"mon2":"Văn","diem2":10},{"mon3":"Anh Văn","diem3":10}],"tongDiem":27,"diemTrungTuyen":15,"diemUT":0,"noiSinh":"Cần Thơ","email":"erqnqnhduc2509@gmqil.com"}
{"_id":18,"maSV":"12070821","hoTen":{"ho":"Phú Đình","ten":"Văn"},"gioiTinh":"Nam","maLop":"DHCK17","toHopXetTuyen":[{"mon1":"Toán","diem1":3},{"mon2":"Văn","diem2":6},{"mon3":"Anh Văn","diem3":8}],"tongDiem":17,"diemTrungTuyen":15,"diemUT":1,"noiSinh":"Thừa Thiên Huế","email":"evd205.vn@gmqil.com"}
{"_id":19,"maSV":"13097401","hoTen":{"ho":"Võ Lý Như","ten":"Thảo"},"gioiTinh":"Nữ","maLop":"DHCK17","toHopXetTuyen":[{"mon1":"Toán","diem1":5},{"mon2":"Văn","diem2":3},{"mon3":"Mỹ Thuật","diem3":7}],"tongDiem":15,"diemTrungTuyen":15,"diemUT":1,"noiSinh":"TP Hồ Chí Minh","email":"vuhuuduc1302@gmqil.com"}
{"_id":20,"maSV":"11193401","hoTen":{"ho":"Nguyễn Minh","ten":"Đắc"},"gioiTinh":"Nam","maLop":"DHCTM17","toHopXetTuyen":[{"mon1":"Toán","diem1":9},{"mon2":"Lý","diem2":7},{"mon3":"Hóa","diem3":9}],"tongDiem":25,"diemTrungTuyen":14,"diemUT":1,"noiSinh":"Tp. Hà Nội","email":"nguyenhuuehuongduy2203@gmqil.com"}
{"_id":21,"maSV":"11183461","hoTen":{"ho":"Phan Ngọc","ten":"Minh"},"gioiTinh":"Nam","maLop":"DHCTM17","toHopXetTuyen":[{"mon1":"Toán","diem1":5},{"mon2":"Lý","diem2":9},{"mon3":"Hóa","diem3":5}],"tongDiem":19,"diemTrungTuyen":14,"diemUT":0,"noiSinh":"Trà Vinh","email":"myduyendqngehi1652000@gmqil.com"}
{"_id":22,"maSV":"11161311","hoTen":{"ho":"Phùng","ten":"Quang"},"gioiTinh":"Nam","maLop":"DHCTM17","toHopXetTuyen":[{"mon1":"Toán","diem1":5},{"mon2":"Lý","diem2":6},{"mon3":"Hóa","diem3":10}],"tongDiem":21,"diemTrungTuyen":14,"diemUT":1,"noiSinh":"Đồng Tháp","email":"lecong0941858@gmqil.com"}
{"_id":23,"maSV":"11175781","hoTen":{"ho":"Lê Bá","ten":"Triều"},"gioiTinh":"Nam","maLop":"DHCTM17","toHopXetTuyen":[{"mon1":"Toán","diem1":9},{"mon2":"Lý","diem2":9},{"mon3":"Hóa","diem3":6}],"tongDiem":24,"diemTrungTuyen":14,"diemUT":1,"noiSinh":"Trà Vinh","email":"giqngehuy214@gmqil,com"}
{"_id":24,"maSV":"11207701","hoTen":{"ho":"Trần Quốc","ten":"Anh"},"gioiTinh":"Nam","maLop":"DHCTM17","toHopXetTuyen":[{"mon1":"Toán","diem1":10},{"mon2":"Lý","diem2":7},{"mon3":"Hóa","diem3":8}],"tongDiem":25,"diemTrungTuyen":14,"diemUT":1,"noiSinh":"Thừa Thiên Huế","email":"hqhy408@gmqil.com"}
{"_id":25,"maSV":"11314841","hoTen":{"ho":"Trần Văn Thế","ten":"Anh"},"gioiTinh":"Nam","maLop":"DHCTM17","toHopXetTuyen":[{"mon1":"Toán","diem1":3},{"mon2":"Lý","diem2":5},{"mon3":"Hóa","diem3":9}],"tongDiem":17,"diemTrungTuyen":14,"diemUT":0,"noiSinh":"TP Hồ Chí Minh","email":"hoquqnghqu27@gmqil.com"}
{"_id":26,"maSV":"10039781","hoTen":{"ho":"Trần Thanh","ten":"Danh"},"gioiTinh":"Nam","maLop":"DHCTM17","toHopXetTuyen":[{"mon1":"Toán","diem1":10},{"mon2":"Hóa","diem2":7},{"mon3":"Sinh","diem3":3}],"tongDiem":20,"diemTrungTuyen":14,"diemUT":0,"noiSinh":"Trà Vinh","email":"pphuonghqu1007@gmqil.com"}
{"_id":27,"maSV":"11195421","hoTen":{"ho":"Tô Hoàng","ten":"Khang"},"gioiTinh":"Nam","maLop":"DHCTM17","toHopXetTuyen":[{"mon1":"Toán","diem1":10},{"mon2":"Hóa","diem2":10},{"mon3":"Sinh","diem3":4}],"tongDiem":24,"diemTrungTuyen":14,"diemUT":1,"noiSinh":"Trà Vinh","email":"eeeh0877@gmqil.com"}
{"_id":28,"maSV":"11179101","hoTen":{"ho":"Phan Ngọc","ten":"Linh"},"gioiTinh":"Nữ","maLop":"DHCTM17","toHopXetTuyen":[{"mon1":"Toán","diem1":7},{"mon2":"Hóa","diem2":4},{"mon3":"Sinh","diem3":7}],"tongDiem":18,"diemTrungTuyen":14,"diemUT":0,"noiSinh":"Trà Vinh","email":"erqnhiend3@gmqil.com"}
{"_id":29,"maSV":"11330341","hoTen":{"ho":"Nguyễn Minh","ten":"Lộc"},"gioiTinh":"Nam","maLop":"DHCTM17","toHopXetTuyen":[{"mon1":"Toán","diem1":10},{"mon2":"Hóa","diem2":10},{"mon3":"Sinh","diem3":5}],"tongDiem":25,"diemTrungTuyen":14,"diemUT":1,"noiSinh":"Thừa Thiên Huế","email":"ngovqnhieu0911@gmqil.com"}
{"_id":30,"maSV":"11319441","hoTen":{"ho":"Hà Tấn","ten":"Lợi"},"gioiTinh":"Nam","maLop":"DHCTM17","toHopXetTuyen":[{"mon1":"Toán","diem1":8},{"mon2":"Hóa","diem2":3},{"mon3":"Sinh","diem3":9}],"tongDiem":20,"diemTrungTuyen":14,"diemUT":1,"noiSinh":"Thừa Thiên Huế","email":"erqnhoqqye@gmqil.com"}
{"_id":31,"maSV":"11249751","hoTen":{"ho":"Đoàn Bảo","ten":"Phúc"},"gioiTinh":"Nam","maLop":"DHCTM17","toHopXetTuyen":[{"mon1":"Toán","diem1":8},{"mon2":"Hóa","diem2":4},{"mon3":"Sinh","diem3":8}],"tongDiem":20,"diemTrungTuyen":14,"diemUT":0,"noiSinh":"Đồng Tháp","email":"duongvqnhoqng1407@gmqil.com"}
{"_id":32,"maSV":"11214631","hoTen":{"ho":"Nguyễn Minh","ten":"Phương"},"gioiTinh":"Nam","maLop":"DHCTM17","toHopXetTuyen":[{"mon1":"Toán","diem1":5},{"mon2":"Hóa","diem2":10},{"mon3":"Sinh","diem3":8}],"tongDiem":23,"diemTrungTuyen":14,"diemUT":1,"noiSinh":"Tp. Hà Nội","email":"hople25050603@gmqil.com"}
{"_id":33,"maSV":"11201491","hoTen":{"ho":"Nguyễn Hữu","ten":"Thạch"},"gioiTinh":"Nam","maLop":"DHCTM17","toHopXetTuyen":[{"mon1":"Toán","diem1":9},{"mon2":"Hóa","diem2":6},{"mon3":"Sinh","diem3":6}],"tongDiem":21,"diemTrungTuyen":14,"diemUT":0,"noiSinh":"Thừa Thiên Huế","email":"eemqihuong2802@gmqil.com"}
{"_id":34,"maSV":"11208541","hoTen":{"ho":"Hứa Trần Anh","ten":"Tuấn"},"gioiTinh":"Nam","maLop":"DHCTM17","toHopXetTuyen":[{"mon1":"Toán","diem1":9},{"mon2":"Hóa","diem2":9},{"mon3":"Sinh","diem3":6}],"tongDiem":24,"diemTrungTuyen":14,"diemUT":1,"noiSinh":"Cần Thơ","email":"yeroioiq@gmqil.com"}
{"_id":35,"maSV":"11198621","hoTen":{"ho":"Trần Duy","ten":"Chánh"},"gioiTinh":"Nam","maLop":"DHCTM17","toHopXetTuyen":[{"mon1":"Toán","diem1":7},{"mon2":"Hóa","diem2":9},{"mon3":"Sinh","diem3":3}],"tongDiem":19,"diemTrungTuyen":14,"diemUT":0,"noiSinh":"Cần Thơ","email":"voduykhqng22122000@gmqil.com"}
{"_id":36,"maSV":"11193951","hoTen":{"ho":"Nguyễn Hòang","ten":"Duy"},"gioiTinh":"Nam","maLop":"DHCTM17","toHopXetTuyen":[{"mon1":"Toán","diem1":10},{"mon2":"Hóa","diem2":5},{"mon3":"Sinh","diem3":8}],"tongDiem":23,"diemTrungTuyen":14,"diemUT":1,"noiSinh":"Thừa Thiên Huế","email":"ngocvqnkhqnheruong@gmqil.com"}
{"_id":37,"maSV":"11051451","hoTen":{"ho":"Huỳnh Phú","ten":"Sĩ"},"gioiTinh":"Nam","maLop":"DHCTM17","toHopXetTuyen":[{"mon1":"Toán","diem1":8},{"mon2":"Hóa","diem2":6},{"mon3":"Sinh","diem3":10}],"tongDiem":24,"diemTrungTuyen":14,"diemUT":1,"noiSinh":"TP Hồ Chí Minh","email":"leeqnhiep64@gmqil.com"}
{"_id":38,"maSV":"11131901","hoTen":{"ho":"Trần Trung","ten":"Hậu"},"gioiTinh":"Nam","maLop":"DHCTM17","toHopXetTuyen":[{"mon1":"Toán","diem1":7},{"mon2":"Hóa","diem2":4},{"mon3":"Sinh","diem3":5}],"tongDiem":16,"diemTrungTuyen":14,"diemUT":1,"noiSinh":"Tp. Hà Nội","email":"ehqnhkhoq0115@gmqil.com"}
{"_id":39,"maSV":"11210731","hoTen":{"ho":"Đoàn Minh","ten":"Việt"},"gioiTinh":"Nam","maLop":"DHTKTR17","toHopXetTuyen":[{"mon1":"Toán","diem1":3},{"mon2":"Hóa","diem2":4},{"mon3":"Sinh","diem3":10}],"tongDiem":17,"diemTrungTuyen":14,"diemUT":0,"noiSinh":"Vĩnh Long","email":"ehqnhkien1202@gmqil.com"}
{"_id":40,"maSV":"11199731","hoTen":{"ho":"Nguyễn Văn","ten":"Tiến"},"gioiTinh":"Nam","maLop":"DHTKTR17","toHopXetTuyen":[{"mon1":"Toán","diem1":3},{"mon2":"Hóa","diem2":4},{"mon3":"Sinh","diem3":4}],"tongDiem":11,"diemTrungTuyen":14,"diemUT":1,"noiSinh":"Vĩnh Long","email":"vonguyenbqolinh66@gqmil.com"}
{"_id":41,"maSV":"12119431","hoTen":{"ho":"Trần Nữ Phương","ten":"Chi"},"gioiTinh":"Nữ","maLop":"DHTKTR17","toHopXetTuyen":[{"mon1":"Toán","diem1":10},{"mon2":"Hóa","diem2":7},{"mon3":"Sinh","diem3":8}],"tongDiem":25,"diemTrungTuyen":14,"diemUT":1,"noiSinh":"Thừa Thiên Huế","email":"longhoqng110820@gmqil.com"}
{"_id":42,"maSV":"12079881","hoTen":{"ho":"Dương Việt","ten":"Trung"},"gioiTinh":"Nam","maLop":"DHTKTR17","toHopXetTuyen":[{"mon1":"Toán","diem1":5},{"mon2":"Hóa","diem2":6},{"mon3":"Sinh","diem3":4}],"tongDiem":15,"diemTrungTuyen":14,"diemUT":1,"noiSinh":"Tp. Hà Nội","email":"nguyenvqnminh452000@gmqil.com"}
{"_id":43,"maSV":"12065301","hoTen":{"ho":"Nguyễn Minh","ten":"Trung"},"gioiTinh":"Nam","maLop":"DHTKTR17","toHopXetTuyen":[{"mon1":"Toán","diem1":5},{"mon2":"Hóa","diem2":5},{"mon3":"Sinh","diem3":7}],"tongDiem":17,"diemTrungTuyen":14,"diemUT":1,"noiSinh":"Đồng Tháp","email":"kykimngqn1204@gmqil.com"}
{"_id":44,"maSV":"16058861","hoTen":{"ho":"Đỗ Thị Ngọc","ten":"Anh"},"gioiTinh":"Nữ","maLop":"DHTKTR17","toHopXetTuyen":[{"mon1":"Sinh","diem1":6},{"mon2":"Sử","diem2":8},{"mon3":"Địa","diem3":5}],"tongDiem":19,"diemTrungTuyen":14,"diemUT":0,"noiSinh":"Nam Định","email":"nghieo8419@gmqil.com"}
{"_id":45,"maSV":"19487481","hoTen":{"ho":"Dương Thị Vân","ten":"Anh"},"gioiTinh":"Nữ","maLop":"DHTKTR17","toHopXetTuyen":[{"mon1":"Sinh","diem1":7},{"mon2":"Sử","diem2":9},{"mon3":"Địa","diem3":5}],"tongDiem":21,"diemTrungTuyen":14,"diemUT":0,"noiSinh":"Long An","email":"khqinghiem6969@gmqil.com"}
{"_id":46,"maSV":"17070311","hoTen":{"ho":"Lê Hữu","ten":"Anh"},"gioiTinh":"Nam","maLop":"DHTKTR17","toHopXetTuyen":[{"mon1":"Sinh","diem1":2},{"mon2":"Sử","diem2":3},{"mon3":"Địa","diem3":6}],"tongDiem":11,"diemTrungTuyen":14,"diemUT":1,"noiSinh":"Thanh Hóa","email":"levoyennhi0111@gmqil.com"}
{"_id":47,"maSV":"18086121","hoTen":{"ho":"Nguyễn Thị Mỹ","ten":"Anh"},"gioiTinh":"Nữ","maLop":"DHTKTR17","toHopXetTuyen":[{"mon1":"Sinh","diem1":5},{"mon2":"Sử","diem2":10},{"mon3":"Địa","diem3":8}],"tongDiem":23,"diemTrungTuyen":14,"diemUT":0,"noiSinh":"Quảng Ngãi","email":"nguyenehiyennhi15082001@gmqil.com"}
{"_id":48,"maSV":"19470861","hoTen":{"ho":"Phạm Xuân","ten":"Anh"},"gioiTinh":"Nữ","maLop":"DHTKTR17","toHopXetTuyen":[{"mon1":"Sinh","diem1":6},{"mon2":"Sử","diem2":3},{"mon3":"Địa","diem3":2}],"tongDiem":11,"diemTrungTuyen":14,"diemUT":0,"noiSinh":"Đồng Nai","email":"erqieimbqnggiq0412@gmqil.com"}
{"_id":49,"maSV":"20103121","hoTen":{"ho":"Nguyễn Ngọc","ten":"Ánh"},"gioiTinh":"Nữ","maLop":"DHTKTR17","toHopXetTuyen":[{"mon1":"Sinh","diem1":1},{"mon2":"Sử","diem2":3},{"mon3":"Địa","diem3":5}],"tongDiem":9,"diemTrungTuyen":14,"diemUT":1,"noiSinh":"Hải Phòng","email":"nhungsu0402@gmqil.com"}
{"_id":50,"maSV":"19001685","hoTen":{"ho":"Nguyễn Quốc","ten":"Bảo"},"gioiTinh":"Nam","maLop":"DHTKTR17","toHopXetTuyen":[{"mon1":"Sinh","diem1":6},{"mon2":"Sử","diem2":0},{"mon3":"Địa","diem3":7}],"tongDiem":13,"diemTrungTuyen":14,"diemUT":0,"noiSinh":"Dak Lak","email":"phqmnhung181001@gmqil.com"}
{"_id":51,"maSV":"18009081","hoTen":{"ho":"Lê Nhựt","ten":"Bình"},"gioiTinh":"Nam","maLop":"DHTKTR17","toHopXetTuyen":[{"mon1":"Sinh","diem1":8},{"mon2":"Sử","diem2":5},{"mon3":"Địa","diem3":5}],"tongDiem":18,"diemTrungTuyen":14,"diemUT":0,"noiSinh":"Kiên Giang","email":"phqmoqnh1492000@gmqil.com"}
{"_id":52,"maSV":"19462151","hoTen":{"ho":"Nguyễn Thái","ten":"Bình"},"gioiTinh":"Nam","maLop":"DHTKTR17","toHopXetTuyen":[{"mon1":"Sinh","diem1":10},{"mon2":"Sử","diem2":10},{"mon3":"Địa","diem3":2}],"tongDiem":22,"diemTrungTuyen":14,"diemUT":1,"noiSinh":"Tiền Giang","email":"phqmphuong05112001@gmqil.com"}
{"_id":53,"maSV":"19631191","hoTen":{"ho":"Mai Thị Ngọc","ten":"Châm"},"gioiTinh":"Nữ","maLop":"DHTKTR17","toHopXetTuyen":[{"mon1":"Sinh","diem1":4},{"mon2":"Sử","diem2":10},{"mon3":"Địa","diem3":0}],"tongDiem":14,"diemTrungTuyen":14,"diemUT":1,"noiSinh":"Dak Lak","email":"nguyenehibichphuong07112002@gmqil.com"}
{"_id":54,"maSV":"19460261","hoTen":{"ho":"Trần Văn","ten":"Chánh"},"gioiTinh":"Nam","maLop":"DHTKTR17","toHopXetTuyen":[{"mon1":"Sinh","diem1":3},{"mon2":"Sử","diem2":2},{"mon3":"Địa","diem3":7}],"tongDiem":12,"diemTrungTuyen":14,"diemUT":0,"noiSinh":"Long An","email":"quqngeeodu98@gmqil.com"}
{"_id":55,"maSV":"19458331","hoTen":{"ho":"Trương Hoàng","ten":"Chiến"},"gioiTinh":"Nam","maLop":"DHTKTR17","toHopXetTuyen":[{"mon1":"Sinh","diem1":3},{"mon2":"Sử","diem2":0},{"mon3":"Địa","diem3":0}],"tongDiem":3,"diemTrungTuyen":14,"diemUT":0,"noiSinh":"Gia Lai","email":"velq16072000@gmqil.com"}
{"_id":56,"maSV":"18094251","hoTen":{"ho":"Lê Đông","ten":"Cul"},"gioiTinh":"Nam","maLop":"DHTKTR17","toHopXetTuyen":[{"mon1":"Sinh","diem1":8},{"mon2":"Sử","diem2":8},{"mon3":"Địa","diem3":8}],"tongDiem":24,"diemTrungTuyen":14,"diemUT":1,"noiSinh":"Đồng Tháp","email":"ehqnheqmdoqn2481@gmqil.com"}
{"_id":57,"maSV":"19457581","hoTen":{"ho":"Dương Tiến","ten":"Danh"},"gioiTinh":"Nam","maLop":"DHTKTR17","toHopXetTuyen":[{"mon1":"Sinh","diem1":10},{"mon2":"Sử","diem2":6},{"mon3":"Địa","diem3":2}],"tongDiem":18,"diemTrungTuyen":14,"diemUT":1,"noiSinh":"Bình Phước","email":"ngocehqchphqm0002@gmqil.com"}
{"_id":58,"maSV":"18049401","hoTen":{"ho":"Đỗ Thị Anh","ten":"Đào"},"gioiTinh":"Nữ","maLop":"DHKTPM17A","toHopXetTuyen":[{"mon1":"Sinh","diem1":7},{"mon2":"Sử","diem2":2},{"mon3":"Địa","diem3":1}],"tongDiem":10,"diemTrungTuyen":17,"diemUT":0,"noiSinh":"Bình Phước","email":"pehqi2306@gmqil.com"}
{"_id":59,"maSV":"19448051","hoTen":{"ho":"Tô Văn","ten":"Điều"},"gioiTinh":"Nam","maLop":"DHKTPM17A","toHopXetTuyen":[{"mon1":"Sinh","diem1":1},{"mon2":"Sử","diem2":4},{"mon3":"Địa","diem3":1}],"tongDiem":6,"diemTrungTuyen":17,"diemUT":0,"noiSinh":"Long An","email":"ehqngnguyenerung12345@gmqil.com"}
{"_id":60,"maSV":"19440471","hoTen":{"ho":"Trần Anh","ten":"Đức"},"gioiTinh":"Nam","maLop":"DHKTPM17A","toHopXetTuyen":[{"mon1":"Sinh","diem1":1},{"mon2":"Sử","diem2":3},{"mon3":"Địa","diem3":5}],"tongDiem":9,"diemTrungTuyen":17,"diemUT":0,"noiSinh":"TP Hồ Chí Minh","email":"buiehqnhehqo17021999@gmqil.com"}
{"_id":61,"maSV":"18033511","hoTen":{"ho":"Trương Việt","ten":"Đức"},"gioiTinh":"Nam","maLop":"DHKTPM17A","toHopXetTuyen":[{"mon1":"Sinh","diem1":3},{"mon2":"Sử","diem2":7},{"mon3":"Địa","diem3":8}],"tongDiem":18,"diemTrungTuyen":17,"diemUT":0,"noiSinh":"Phú Yên","email":"dqngnhuehinh200699@gmqil.com"}
{"_id":62,"maSV":"18090921","hoTen":{"ho":"Vũ Hữu","ten":"Đức"},"gioiTinh":"Nam","maLop":"DHKTPM17A","toHopXetTuyen":[{"mon1":"Sinh","diem1":4},{"mon2":"Sử","diem2":6},{"mon3":"Địa","diem3":2}],"tongDiem":12,"diemTrungTuyen":17,"diemUT":1,"noiSinh":"Thanh Hóa","email":"Buiehiehuehuy2308@gmqil.com"}
{"_id":63,"maSV":"19433901","hoTen":{"ho":"Nguyễn Hữu Thường","ten":"Duy"},"gioiTinh":"Nam","maLop":"DHKTPM17A","toHopXetTuyen":[{"mon1":"Văn","diem1":0},{"mon2":"Toán","diem2":6},{"mon3":"Anh Văn","diem3":1}],"tongDiem":7,"diemTrungTuyen":17,"diemUT":0,"noiSinh":"TP Hồ Chí Minh","email":"leehiehqnhehuy150@gmqil.com"}
{"_id":64,"maSV":"18077441","hoTen":{"ho":"Đặng Thị Mỹ","ten":"Duyên"},"gioiTinh":"Nữ","maLop":"DHKTPM17A","toHopXetTuyen":[{"mon1":"Văn","diem1":6},{"mon2":"Toán","diem2":2},{"mon3":"Anh Văn","diem3":4}],"tongDiem":12,"diemTrungTuyen":17,"diemUT":0,"noiSinh":"Long An","email":"nguyenehiehqnhehuy0322001@gmqil.com"}
{"_id":65,"maSV":"17050141","hoTen":{"ho":"Trương Tuấn Cảnh","ten":"Em"},"gioiTinh":"Nam","maLop":"DHKTPM17A","toHopXetTuyen":[{"mon1":"Văn","diem1":1},{"mon2":"Toán","diem2":5},{"mon3":"Anh Văn","diem3":8}],"tongDiem":14,"diemTrungTuyen":17,"diemUT":1,"noiSinh":"Cà Mau","email":"leerongehuyee@gmqil.com"}
{"_id":66,"maSV":"18086971","hoTen":{"ho":"Lê Thùy","ten":"Giang"},"gioiTinh":"Nữ","maLop":"DHKTPM17A","toHopXetTuyen":[{"mon1":"Văn","diem1":10},{"mon2":"Toán","diem2":7},{"mon3":"Anh Văn","diem3":8}],"tongDiem":25,"diemTrungTuyen":17,"diemUT":1,"noiSinh":"TP Hồ Chí Minh","email":"nguyenehicqmeien0076@gmqil.com"}
{"_id":67,"maSV":"18097691","hoTen":{"ho":"Trần Thị Hồng","ten":"Hạnh"},"gioiTinh":"Nữ","maLop":"DHKTPM17A","toHopXetTuyen":[{"mon1":"Văn","diem1":10},{"mon2":"Toán","diem2":6},{"mon3":"Anh Văn","diem3":8}],"tongDiem":24,"diemTrungTuyen":17,"diemUT":1,"noiSinh":"Quảng Ngãi","email":"meienq103@gmqil.com"}
{"_id":68,"maSV":"19529341","hoTen":{"ho":"Hồ Quang","ten":"Hậu"},"gioiTinh":"Nam","maLop":"DHKTPM17A","toHopXetTuyen":[{"mon1":"Văn","diem1":10},{"mon2":"Toán","diem2":4},{"mon3":"Anh Văn","diem3":0}],"tongDiem":14,"diemTrungTuyen":17,"diemUT":0,"noiSinh":"TP Hồ Chí Minh","email":"nme0904001@gmqil.com"}
{"_id":69,"maSV":"19453281","hoTen":{"ho":"Lê Thị Phương","ten":"Hậu"},"gioiTinh":"Nữ","maLop":"DHKTPM17A","toHopXetTuyen":[{"mon1":"Văn","diem1":4},{"mon2":"Toán","diem2":4},{"mon3":"Anh Văn","diem3":2}],"tongDiem":10,"diemTrungTuyen":17,"diemUT":0,"noiSinh":"Bình Định","email":"minheien05082000@gmqil.com"}
{"_id":70,"maSV":"18088821","hoTen":{"ho":"Trần Thị Thu","ten":"Hiền"},"gioiTinh":"Nữ","maLop":"DHKTPM17A","toHopXetTuyen":[{"mon1":"Văn","diem1":5},{"mon2":"Toán","diem2":8},{"mon3":"Anh Văn","diem3":1}],"tongDiem":14,"diemTrungTuyen":17,"diemUT":0,"noiSinh":"TP Hồ Chí Minh","email":"cqoerqnyesin20@gmqil.com"}
{"_id":71,"maSV":"18103221","hoTen":{"ho":"Trần","ten":"Hiển"},"gioiTinh":"Nam","maLop":"DHKTPM17A","toHopXetTuyen":[{"mon1":"Văn","diem1":10},{"mon2":"Toán","diem2":8},{"mon3":"Anh Văn","diem3":3}],"tongDiem":21,"diemTrungTuyen":17,"diemUT":1,"noiSinh":"Đồng Nai","email":"erqngnguyen.240117@gmqil.com"}
{"_id":72,"maSV":"19453531","hoTen":{"ho":"Ngô Văn","ten":"Hiếu"},"gioiTinh":"Nam","maLop":"DHKTPM17A","toHopXetTuyen":[{"mon1":"Văn","diem1":1},{"mon2":"Toán","diem2":8},{"mon3":"Anh Văn","diem3":9}],"tongDiem":18,"diemTrungTuyen":17,"diemUT":0,"noiSinh":"Dak Lak","email":"nguyendophuongerinh13@gmqil.com"}
{"_id":73,"maSV":"18006641","hoTen":{"ho":"Trần Quốc","ten":"Hòa"},"gioiTinh":"Nam","maLop":"DHKTPM17A","toHopXetTuyen":[{"mon1":"Văn","diem1":8},{"mon2":"Toán","diem2":2},{"mon3":"Anh Văn","diem3":8}],"tongDiem":18,"diemTrungTuyen":17,"diemUT":1,"noiSinh":"Phú Yên","email":"nguyenngocphuongerinhq3ehpeee@gmqil.com"}
{"_id":74,"maSV":"18079481","hoTen":{"ho":"Dương Văn","ten":"Hoàng"},"gioiTinh":"Nam","maLop":"DHKTPM17A","toHopXetTuyen":[{"mon1":"Văn","diem1":10},{"mon2":"Toán","diem2":7},{"mon3":"Anh Văn","diem3":10}],"tongDiem":27,"diemTrungTuyen":17,"diemUT":0,"noiSinh":"Thanh Hóa","email":"euyeeerinh22032001@gmqil.com"}
{"_id":75,"maSV":"19456981","hoTen":{"ho":"Lê Duy","ten":"Hợp"},"gioiTinh":"Nam","maLop":"DHKTPM17A","toHopXetTuyen":[{"mon1":"Văn","diem1":4},{"mon2":"Toán","diem2":9},{"mon3":"Anh Văn","diem3":8}],"tongDiem":21,"diemTrungTuyen":17,"diemUT":0,"noiSinh":"Ninh Thuận","email":"nhqeeruong292001@gmqil.com"}
{"_id":76,"maSV":"18091871","hoTen":{"ho":"Trương Thị Mai","ten":"Hương"},"gioiTinh":"Nữ","maLop":"DHKTPM17A","toHopXetTuyen":[{"mon1":"Văn","diem1":6},{"mon2":"Toán","diem2":10},{"mon3":"Anh Văn","diem3":0}],"tongDiem":16,"diemTrungTuyen":17,"diemUT":0,"noiSinh":"Cà Mau","email":"huynhbqeu69@gmqil.com"}
{"_id":77,"maSV":"19457701","hoTen":{"ho":"Lý Văn","ten":"Khang"},"gioiTinh":"Nam","maLop":"DHKTPM17B","toHopXetTuyen":[{"mon1":"Văn","diem1":8},{"mon2":"Toán","diem2":2},{"mon3":"Anh Văn","diem3":6}],"tongDiem":16,"diemTrungTuyen":17,"diemUT":1,"noiSinh":"Tiền Giang","email":"qnheuqn20002903@gmqil.com"}
{"_id":78,"maSV":"18005791","hoTen":{"ho":"Võ Duy","ten":"Khang"},"gioiTinh":"Nam","maLop":"DHKTPM17B","toHopXetTuyen":[{"mon1":"Văn","diem1":8},{"mon2":"Toán","diem2":2},{"mon3":"Anh Văn","diem3":1}],"tongDiem":11,"diemTrungTuyen":17,"diemUT":1,"noiSinh":"Bến Tre","email":"eheqexi121999@gmqil.com"}
{"_id":79,"maSV":"19472951","hoTen":{"ho":"Trương Ngọc Vân","ten":"Khanh"},"gioiTinh":"Nữ","maLop":"DHKTPM17B","toHopXetTuyen":[{"mon1":"Văn","diem1":9},{"mon2":"Toán","diem2":0},{"mon3":"Anh Văn","diem3":0}],"tongDiem":9,"diemTrungTuyen":17,"diemUT":1,"noiSinh":"TP Hồ Chí Minh","email":"ehqnheungle020@gmqil.com"}
{"_id":80,"maSV":"18018971","hoTen":{"ho":"Lê Tấn","ten":"Khoa"},"gioiTinh":"Nam","maLop":"DHKTPM17B","toHopXetTuyen":[{"mon1":"Văn","diem1":1},{"mon2":"Toán","diem2":0},{"mon3":"Anh Văn","diem3":2}],"tongDiem":3,"diemTrungTuyen":17,"diemUT":0,"noiSinh":"TP Hồ Chí Minh","email":"nguyenehqnheung24081999@gmqil.com"}
{"_id":81,"maSV":"19459571","hoTen":{"ho":"Trần Võ Thanh","ten":"Khoa"},"gioiTinh":"Nam","maLop":"DHKTPM17B","toHopXetTuyen":[{"mon1":"Văn","diem1":9},{"mon2":"Toán","diem2":8},{"mon3":"Anh Văn","diem3":1}],"tongDiem":18,"diemTrungTuyen":17,"diemUT":1,"noiSinh":"TP Hồ Chí Minh","email":"erqnngoehqnheung123@gmqil.com"}
{"_id":82,"maSV":"19474601","hoTen":{"ho":"Nguyễn Thành","ten":"Kiên"},"gioiTinh":"Nam","maLop":"DHKTPM17B","toHopXetTuyen":[{"mon1":"Văn","diem1":0},{"mon2":"Toán","diem2":0},{"mon3":"Anh Văn","diem3":0}],"tongDiem":0,"diemTrungTuyen":17,"diemUT":0,"noiSinh":"Đồng Nai","email":"erqndoqnqivi230901@gmqil.com"}
{"_id":83,"maSV":"19529121","hoTen":{"ho":"Võ Nguyễn Bảo","ten":"Linh"},"gioiTinh":"Nam","maLop":"DHKTPM17B","toHopXetTuyen":[{"mon1":"Văn","diem1":10},{"mon2":"Toán","diem2":10},{"mon3":"Anh Văn","diem3":10}],"tongDiem":30,"diemTrungTuyen":17,"diemUT":0,"noiSinh":"Cà Mau","email":"nevven157@gmqil.com"}
{"_id":84,"maSV":"18057941","hoTen":{"ho":"Nguyễn Ngọc Hoàng","ten":"Long"},"gioiTinh":"Nam","maLop":"DHKTPM17B","toHopXetTuyen":[{"mon1":"Văn","diem1":1},{"mon2":"Toán","diem2":3},{"mon3":"Anh Văn","diem3":1}],"tongDiem":5,"diemTrungTuyen":17,"diemUT":1,"noiSinh":"TP Hồ Chí Minh","email":"ellenshqllow@gmqil.com"}
{"_id":85,"maSV":"18089471","hoTen":{"ho":"Nguyễn Văn","ten":"Minh"},"gioiTinh":"Nam","maLop":"DHKTPM17B","toHopXetTuyen":[{"mon1":"Văn","diem1":4},{"mon2":"Toán","diem2":6},{"mon3":"Anh Văn","diem3":3}],"tongDiem":13,"diemTrungTuyen":17,"diemUT":0,"noiSinh":"Hà Tĩnh","email":"leehiehuehqo412001@gmqil.com"}
{"_id":86,"maSV":"18080391","hoTen":{"ho":"Ký Kim","ten":"Ngân"},"gioiTinh":"Nữ","maLop":"DHKTPM17B","toHopXetTuyen":[{"mon1":"Văn","diem1":6},{"mon2":"Toán","diem2":2},{"mon3":"Anh Văn","diem3":5}],"tongDiem":13,"diemTrungTuyen":17,"diemUT":1,"noiSinh":"TP Hồ Chí Minh","email":"buidqcqnheqi.2903@mgiql.com"}
{"_id":87,"maSV":"17032751","hoTen":{"ho":"Tô Thương Thuý","ten":"Nghi"},"gioiTinh":"Nữ","maLop":"DHKTPM17B","toHopXetTuyen":[{"mon1":"Văn","diem1":2},{"mon2":"Sử","diem2":0},{"mon3":"Địa","diem3":4}],"tongDiem":6,"diemTrungTuyen":17,"diemUT":1,"noiSinh":"Tiền Giang","email":"thqnhqn08042000@gmqil.com"}
{"_id":88,"maSV":"17042671","hoTen":{"ho":"Quách Khải","ten":"Nghiêm"},"gioiTinh":"Nam","maLop":"DHKTPM17B","toHopXetTuyen":[{"mon1":"Văn","diem1":0},{"mon2":"Sử","diem2":3},{"mon3":"Địa","diem3":2}],"tongDiem":5,"diemTrungTuyen":17,"diemUT":0,"noiSinh":"Trà Vinh","email":"lqnqnhhoqngthi00@gmqil.com"}
{"_id":89,"maSV":"19466181","hoTen":{"ho":"Lê Võ Yến","ten":"Nhi"},"gioiTinh":"Nữ","maLop":"DHKTPM17B","toHopXetTuyen":[{"mon1":"Văn","diem1":4},{"mon2":"Sử","diem2":3},{"mon3":"Địa","diem3":0}],"tongDiem":7,"diemTrungTuyen":17,"diemUT":1,"noiSinh":"TP Hồ Chí Minh","email":"ngocqnhlo16032001@gmqil.com"}
{"_id":90,"maSV":"19511811","hoTen":{"ho":"Nguyễn Thị Yến","ten":"Nhi"},"gioiTinh":"Nữ","maLop":"DHKTPM17B","toHopXetTuyen":[{"mon1":"Văn","diem1":8},{"mon2":"Sử","diem2":1},{"mon3":"Địa","diem3":7}],"tongDiem":16,"diemTrungTuyen":17,"diemUT":1,"noiSinh":"Bình Dương","email":"hoqngqnh1412000@gmqil.com"}
{"_id":91,"maSV":"18000591","hoTen":{"ho":"Nguyễn Trần Quỳnh","ten":"Như"},"gioiTinh":"Nữ","maLop":"DHKTPM17B","toHopXetTuyen":[{"mon1":"Văn","diem1":9},{"mon2":"Sử","diem2":0},{"mon3":"Địa","diem3":1}],"tongDiem":10,"diemTrungTuyen":17,"diemUT":0,"noiSinh":"Bình Định","email":"duyqnhqnh530@gmqil.com"}
{"_id":92,"maSV":"18102161","hoTen":{"ho":"Đỗ Thị Tuyết","ten":"Nhung"},"gioiTinh":"Nữ","maLop":"DHKTPM17B","toHopXetTuyen":[{"mon1":"Văn","diem1":1},{"mon2":"Sử","diem2":8},{"mon3":"Địa","diem3":5}],"tongDiem":14,"diemTrungTuyen":17,"diemUT":1,"noiSinh":"Bình Định","email":"minhqnhtrqnngoc9399@gmqil.com"}
{"_id":93,"maSV":"19511481","hoTen":{"ho":"Phạm Thị Ngọc","ten":"Nhung"},"gioiTinh":"Nữ","maLop":"DHKTPM17B","toHopXetTuyen":[{"mon1":"Văn","diem1":3},{"mon2":"Sử","diem2":10},{"mon3":"Địa","diem3":0}],"tongDiem":13,"diemTrungTuyen":17,"diemUT":1,"noiSinh":"Đồng Tháp","email":"lobqch436@gmqil.com"}
{"_id":94,"maSV":"18065741","hoTen":{"ho":"Phạm Nữ Kiều","ten":"Oanh"},"gioiTinh":"Nữ","maLop":"DHKTPM17B","toHopXetTuyen":[{"mon1":"Văn","diem1":9},{"mon2":"Sử","diem2":7},{"mon3":"Địa","diem3":2}],"tongDiem":18,"diemTrungTuyen":17,"diemUT":1,"noiSinh":"Dak Nong","email":"bqchtrqn0706@gmqil.com"}
{"_id":95,"maSV":"19453271","hoTen":{"ho":"Phạm Thị","ten":"Phương"},"gioiTinh":"Nữ","maLop":"DHKTPM17B","toHopXetTuyen":[{"mon1":"Văn","diem1":8},{"mon2":"Sử","diem2":7},{"mon3":"Địa","diem3":3}],"tongDiem":18,"diemTrungTuyen":17,"diemUT":0,"noiSinh":"Bình Định","email":"cqchibqo1998@gmqil.com"}
{"_id":96,"maSV":"20057241","hoTen":{"ho":"Nguyễn Thị Bích","ten":"Phượng"},"gioiTinh":"Nữ","maLop":"DHKTPM17C","toHopXetTuyen":[{"mon1":"Văn","diem1":3},{"mon2":"Sử","diem2":6},{"mon3":"Địa","diem3":7}],"tongDiem":16,"diemTrungTuyen":17,"diemUT":0,"noiSinh":"TP Hồ Chí Minh","email":"biondinh931@gmqil.com"}
{"_id":97,"maSV":"19462591","hoTen":{"ho":"Hoàng Minh","ten":"Quang"},"gioiTinh":"Nam","maLop":"DHKTPM17C","toHopXetTuyen":[{"mon1":"Văn","diem1":8},{"mon2":"Sử","diem2":7},{"mon3":"Địa","diem3":0}],"tongDiem":15,"diemTrungTuyen":17,"diemUT":0,"noiSinh":"Nam Định","email":"vqnchionlo2017@gmqil.com"}
{"_id":98,"maSV":"18017391","hoTen":{"ho":"Võ Thị Lệ","ten":"Quyên"},"gioiTinh":"Nữ","maLop":"DHKTPM17C","toHopXetTuyen":[{"mon1":"Văn","diem1":2},{"mon2":"Sử","diem2":7},{"mon3":"Địa","diem3":5}],"tongDiem":14,"diemTrungTuyen":17,"diemUT":1,"noiSinh":"Bình Định","email":"huynhvqnchung23@gmqil.com"}
{"_id":99,"maSV":"18045031","hoTen":{"ho":"Đoàn Thị Thanh","ten":"Tâm"},"gioiTinh":"Nữ","maLop":"DHKTPM17C","toHopXetTuyen":[{"mon1":"Văn","diem1":9},{"mon2":"Sử","diem2":3},{"mon3":"Địa","diem3":1}],"tongDiem":13,"diemTrungTuyen":17,"diemUT":1,"noiSinh":"Tiền Giang","email":"loquoccuong3128@gmqil.com"}
{"_id":100,"maSV":"18000601","hoTen":{"ho":"Phạm Ngọc","ten":"Thạch"},"gioiTinh":"nam","maLop":"DHKTPM17C","toHopXetTuyen":[{"mon1":"Văn","diem1":8},{"mon2":"Sử","diem2":2},{"mon3":"Địa","diem3":2}],"tongDiem":12,"diemTrungTuyen":17,"diemUT":0,"noiSinh":"Vũng Tàu","email":"qnhdqi1308@gmqil.com"}
{"_id":101,"maSV":"20125061","hoTen":{"ho":"Phan Quốc","ten":"Thái"},"gioiTinh":"Nam","maLop":"DHKTPM17C","toHopXetTuyen":[{"mon1":"Văn","diem1":3},{"mon2":"Sử","diem2":9},{"mon3":"Địa","diem3":0}],"tongDiem":12,"diemTrungTuyen":17,"diemUT":0,"noiSinh":"Gia Lai","email":"thqnhdqt8320@gmqil.com"}
{"_id":102,"maSV":"19447741","hoTen":{"ho":"Nguyễn Trung","ten":"Thắng"},"gioiTinh":"Nam","maLop":"DHKTPM17C","toHopXetTuyen":[{"mon1":"Văn","diem1":5},{"mon2":"Sử","diem2":5},{"mon3":"Địa","diem3":3}],"tongDiem":13,"diemTrungTuyen":17,"diemUT":0,"noiSinh":"TP Hồ Chí Minh","email":"diomdqo0601@gmqil.com"}
{"_id":103,"maSV":"17046181","hoTen":{"ho":"Bùi Thanh","ten":"Thảo"},"gioiTinh":"Nữ","maLop":"DHKTPM17C","toHopXetTuyen":[{"mon1":"Văn","diem1":1},{"mon2":"Sử","diem2":2},{"mon3":"Địa","diem3":1}],"tongDiem":4,"diemTrungTuyen":17,"diemUT":0,"noiSinh":"Bến Tre","email":"minhduchq544@gmqil.com"}
{"_id":104,"maSV":"17047471","hoTen":{"ho":"Đặng Như","ten":"Thịnh"},"gioiTinh":"Nam","maLop":"DHKTPM17C","toHopXetTuyen":[{"mon1":"Văn","diem1":3},{"mon2":"Sử","diem2":6},{"mon3":"Địa","diem3":2}],"tongDiem":11,"diemTrungTuyen":17,"diemUT":0,"noiSinh":"Dak Lak","email":"duyonduyonlo1111@gmqil.com"}
{"_id":105,"maSV":"17008311","hoTen":{"ho":"Bùi Thị Thu","ten":"Thuỷ"},"gioiTinh":"Nữ","maLop":"DHKTPM17C","toHopXetTuyen":[{"mon1":"Văn","diem1":7},{"mon2":"Sử","diem2":7},{"mon3":"Địa","diem3":1}],"tongDiem":15,"diemTrungTuyen":17,"diemUT":1,"noiSinh":"Bình phước","email":"duyon.0935185093@gmqil.com"}
{"_id":106,"maSV":"18072071","hoTen":{"ho":"Lê Thị Thanh","ten":"Thủy"},"gioiTinh":"Nữ","maLop":"DHKTPM17C","toHopXetTuyen":[{"mon1":"Văn","diem1":6},{"mon2":"Sử","diem2":1},{"mon3":"Địa","diem3":5}],"tongDiem":12,"diemTrungTuyen":17,"diemUT":0,"noiSinh":"Dak Lak","email":"buithithuhqng2801@gmqil.com"}
{"_id":107,"maSV":"19452101","hoTen":{"ho":"Nguyễn Thị Thanh","ten":"Thủy"},"gioiTinh":"Nữ","maLop":"DHKTPM17C","toHopXetTuyen":[{"mon1":"Văn","diem1":0},{"mon2":"Sử","diem2":5},{"mon3":"Địa","diem3":3}],"tongDiem":8,"diemTrungTuyen":17,"diemUT":0,"noiSinh":"Lâm Đồng","email":"thqohqng180501@gmqil.com"}
{"_id":108,"maSV":"18103171","hoTen":{"ho":"Lê Trọng","ten":"Thuyết"},"gioiTinh":"Nam","maLop":"DHKTPM17C","toHopXetTuyen":[{"mon1":"Văn","diem1":8},{"mon2":"Sử","diem2":5},{"mon3":"Địa","diem3":0}],"tongDiem":13,"diemTrungTuyen":17,"diemUT":1,"noiSinh":"Nghệ An","email":"phqmthqnhhqng2603@gmqil.com"}
{"_id":109,"maSV":"19462671","hoTen":{"ho":"Nguyễn Thị Cẩm","ten":"Tiên"},"gioiTinh":"Nữ","maLop":"DHKTPM17C","toHopXetTuyen":[{"mon1":"Văn","diem1":10},{"mon2":"Sử","diem2":4},{"mon3":"Địa","diem3":9}],"tongDiem":23,"diemTrungTuyen":17,"diemUT":0,"noiSinh":"Quảng Ngãi","email":"trqnvqnhqy1999@gmqil.com"}
{"_id":110,"maSV":"20028791","hoTen":{"ho":"Lê Mạnh","ten":"Tiến"},"gioiTinh":"Nam","maLop":"DHKTPM17C","toHopXetTuyen":[{"mon1":"Văn","diem1":8},{"mon2":"Sử","diem2":2},{"mon3":"Địa","diem3":6}],"tongDiem":16,"diemTrungTuyen":17,"diemUT":1,"noiSinh":"Đồng Nai","email":"chhiou0412@gmqil.com"}
{"_id":111,"maSV":"19459321","hoTen":{"ho":"Nguyễn Minh","ten":"Tiến"},"gioiTinh":"Nam","maLop":"DHKTPM17C","toHopXetTuyen":[{"mon1":"Văn","diem1":7},{"mon2":"Sử","diem2":6},{"mon3":"Địa","diem3":9}],"tongDiem":22,"diemTrungTuyen":17,"diemUT":1,"noiSinh":"Cà Mau","email":"hoqngxhung2000@gmqil.com"}
{"_id":112,"maSV":"18066571","hoTen":{"ho":"Phạm Huỳnh Minh","ten":"Tiến"},"gioiTinh":"Nam","maLop":"DHKTPM17C","toHopXetTuyen":[{"mon1":"Văn","diem1":8},{"mon2":"Sử","diem2":4},{"mon3":"Địa","diem3":1}],"tongDiem":13,"diemTrungTuyen":17,"diemUT":0,"noiSinh":"An Giang","email":"hoqnghuongvipkg@gmqil.com"}
{"_id":113,"maSV":"18089891","hoTen":{"ho":"Cao Thị Huế","ten":"Trân"},"gioiTinh":"Nữ","maLop":"DHKTPM17C","toHopXetTuyen":[{"mon1":"Văn","diem1":5},{"mon2":"Sử","diem2":10},{"mon3":"Địa","diem3":8}],"tongDiem":23,"diemTrungTuyen":17,"diemUT":1,"noiSinh":"Tây Ninh","email":"nhunghuyonmtgthuthiom@gmqil.com"}
{"_id":114,"maSV":"18043861","hoTen":{"ho":"Nguyễn Thị","ten":"Trang"},"gioiTinh":"Nữ","maLop":"DHKTPM17C","toHopXetTuyen":[{"mon1":"Văn","diem1":4},{"mon2":"Sử","diem2":10},{"mon3":"Địa","diem3":3}],"tongDiem":17,"diemTrungTuyen":17,"diemUT":0,"noiSinh":"Quảng Nam","email":"linhthuyvo206@gmqil.com"}
{"_id":115,"maSV":"18073321","hoTen":{"ho":"Nguyễn Đỗ Phương","ten":"Trinh"},"gioiTinh":"Nữ","maLop":"DHKHMT17A","toHopXetTuyen":[{"mon1":"Văn","diem1":9},{"mon2":"Sử","diem2":8},{"mon3":"Địa","diem3":8}],"tongDiem":25,"diemTrungTuyen":17,"diemUT":1,"noiSinh":"Đồng Nai","email":"truclinh28300@gmqil.com"}
{"_id":116,"maSV":"19447811","hoTen":{"ho":"Nguyễn Ngọc Phương","ten":"Trinh"},"gioiTinh":"Nữ","maLop":"DHKHMT17A","toHopXetTuyen":[{"mon1":"Văn","diem1":4},{"mon2":"Sử","diem2":7},{"mon3":"Địa","diem3":5}],"tongDiem":16,"diemTrungTuyen":17,"diemUT":1,"noiSinh":"Long An","email":"thionloc211202@gmqil.com"}
{"_id":117,"maSV":"19455141","hoTen":{"ho":"Trương Thị Tuyết","ten":"Trinh"},"gioiTinh":"Nữ","maLop":"DHKHMT17A","toHopXetTuyen":[{"mon1":"Văn","diem1":6},{"mon2":"Sử","diem2":4},{"mon3":"Địa","diem3":6}],"tongDiem":16,"diemTrungTuyen":17,"diemUT":1,"noiSinh":"Ninh Thuận","email":"longhoqngnguyon2111@gmqil.com"}
{"_id":118,"maSV":"19446661","hoTen":{"ho":"Hoàng Trương Nhật","ten":"Trường"},"gioiTinh":"Nam","maLop":"DHKHMT17A","toHopXetTuyen":[{"mon1":"Văn","diem1":7},{"mon2":"Sử","diem2":7},{"mon3":"Địa","diem3":8}],"tongDiem":22,"diemTrungTuyen":17,"diemUT":1,"noiSinh":"Lâm Đồng","email":"mqilyyy2001@gmqil.com"}
{"_id":119,"maSV":"18002681","hoTen":{"ho":"Huỳnh Bá","ten":"Tú"},"gioiTinh":"Nam","maLop":"DHKHMT17A","toHopXetTuyen":[{"mon1":"Văn","diem1":8},{"mon2":"Sử","diem2":5},{"mon3":"Địa","diem3":3}],"tongDiem":16,"diemTrungTuyen":17,"diemUT":1,"noiSinh":"TP Hồ Chí Minh","email":"nkhqnhly25@gmqil.com"}
{"_id":120,"maSV":"19462141","hoTen":{"ho":"Phạm Anh","ten":"Tuấn"},"gioiTinh":"Nam","maLop":"DHKHMT17A","toHopXetTuyen":[{"mon1":"Văn","diem1":9},{"mon2":"Sử","diem2":7},{"mon3":"Địa","diem3":5}],"tongDiem":21,"diemTrungTuyen":17,"diemUT":0,"noiSinh":"Dak Nong","email":"cqmlytruong14012001@gmqil.com"}
{"_id":121,"maSV":"17027411","hoTen":{"ho":"Trần Anh","ten":"Tuấn"},"gioiTinh":"Nam","maLop":"DHKHMT17A","toHopXetTuyen":[{"mon1":"Toán","diem1":0},{"mon2":"Văn","diem2":5},{"mon3":"Anh Văn","diem3":2}],"tongDiem":7,"diemTrungTuyen":17,"diemUT":0,"noiSinh":"Đồng Nai","email":"trqmycuto66@gmqil.com"}
{"_id":122,"maSV":"19532491","hoTen":{"ho":"Lê Thanh","ten":"Tùng"},"gioiTinh":"Nam","maLop":"DHKHMT17A","toHopXetTuyen":[{"mon1":"Toán","diem1":4},{"mon2":"Văn","diem2":2},{"mon3":"Anh Văn","diem3":4}],"tongDiem":10,"diemTrungTuyen":17,"diemUT":1,"noiSinh":"Long An","email":"dothingq30081999@gmqil.com"}
{"_id":123,"maSV":"17020021","hoTen":{"ho":"Nguyễn Thanh","ten":"Tùng"},"gioiTinh":"Nam","maLop":"DHKHMT17A","toHopXetTuyen":[{"mon1":"Toán","diem1":1},{"mon2":"Văn","diem2":8},{"mon3":"Anh Văn","diem3":5}],"tongDiem":14,"diemTrungTuyen":17,"diemUT":0,"noiSinh":"Đồng Tháp","email":"thqnhngqnltk38@gmqil.com"}
{"_id":124,"maSV":"19466861","hoTen":{"ho":"Trần Ngô Thanh","ten":"Tùng"},"gioiTinh":"Nam","maLop":"DHKHMT17A","toHopXetTuyen":[{"mon1":"Toán","diem1":4},{"mon2":"Văn","diem2":7},{"mon3":"Anh Văn","diem3":5}],"tongDiem":16,"diemTrungTuyen":17,"diemUT":0,"noiSinh":"Dak Lak","email":"bqongoc24112001@gmqil.com"}
{"_id":125,"maSV":"19430251","hoTen":{"ho":"Trần Đoàn Ái","ten":"Vi"},"gioiTinh":"Nữ","maLop":"DHKHMT17A","toHopXetTuyen":[{"mon1":"Toán","diem1":8},{"mon2":"Văn","diem2":1},{"mon3":"Anh Văn","diem3":7}],"tongDiem":16,"diemTrungTuyen":17,"diemUT":1,"noiSinh":"Bình Định","email":"bichngoc.tn01@gmqil.com"}
{"_id":126,"maSV":"18016551","hoTen":{"ho":"Nguyễn Trường","ten":"Vũ"},"gioiTinh":"Nam","maLop":"DHKHMT17A","toHopXetTuyen":[{"mon1":"Toán","diem1":4},{"mon2":"Văn","diem2":0},{"mon3":"Anh Văn","diem3":0}],"tongDiem":4,"diemTrungTuyen":17,"diemUT":1,"noiSinh":"Bình Thuận","email":"hongngoc140620000@gmqil.com"}
{"_id":127,"maSV":"19446951","hoTen":{"ho":"Nguyễn Kim","ten":"Khánh"},"gioiTinh":"Nữ","maLop":"DHKHMT17A","toHopXetTuyen":[{"mon1":"Toán","diem1":7},{"mon2":"Văn","diem2":8},{"mon3":"Anh Văn","diem3":6}],"tongDiem":21,"diemTrungTuyen":17,"diemUT":0,"noiSinh":"TP Hồ Chí Minh","email":"phqmphqnqnhngoc0101@gmqil.com"}
{"_id":128,"maSV":"19450301","hoTen":{"ho":"Lê Thị Thu","ten":"Thảo"},"gioiTinh":"Nữ","maLop":"DHKHMT17A","toHopXetTuyen":[{"mon1":"Toán","diem1":10},{"mon2":"Văn","diem2":2},{"mon3":"Anh Văn","diem3":1}],"tongDiem":13,"diemTrungTuyen":17,"diemUT":0,"noiSinh":"Long An","email":"nhqnvwv@gmqil.com"}
{"_id":129,"maSV":"18464951","hoTen":{"ho":"Bùi Đắc Anh","ten":"Tài"},"gioiTinh":"Nam","maLop":"DHKHMT17A","toHopXetTuyen":[{"mon1":"Toán","diem1":0},{"mon2":"Văn","diem2":4},{"mon3":"Anh Văn","diem3":6}],"tongDiem":10,"diemTrungTuyen":17,"diemUT":1,"noiSinh":"Bình Định","email":"nhqtnguyon19071999@gmqil.com"}
{"_id":130,"maSV":"17014191","hoTen":{"ho":"Nguyễn Võ Minh","ten":"Nhật"},"gioiTinh":"Nam","maLop":"DHKHMT17A","toHopXetTuyen":[{"mon1":"Toán","diem1":0},{"mon2":"Văn","diem2":0},{"mon3":"Anh Văn","diem3":6}],"tongDiem":6,"diemTrungTuyen":17,"diemUT":0,"noiSinh":"Bình Định","email":"mimhmhat99vm@gmail.com"}
{"_id":131,"maSV":"18082841","hoTen":{"ho":"Hoàng Ngọc","ten":"Nhi"},"gioiTinh":"Nữ","maLop":"DHKHMT17A","toHopXetTuyen":[{"mon1":"Toán","diem1":1},{"mon2":"Văn","diem2":3},{"mon3":"Anh Văn","diem3":7}],"tongDiem":11,"diemTrungTuyen":17,"diemUT":0,"noiSinh":"Bình Phước","email":"mhihoamg11092000@gmail.com"}
{"_id":132,"maSV":"20009261","hoTen":{"ho":"Phạm Thị Yến","ten":"Nhi"},"gioiTinh":"Nữ","maLop":"DHKHMT17A","toHopXetTuyen":[{"mon1":"Toán","diem1":7},{"mon2":"Văn","diem2":9},{"mon3":"Anh Văn","diem3":10}],"tongDiem":26,"diemTrungTuyen":17,"diemUT":0,"noiSinh":"Vũng Tàu","email":"mhimhi9642@gmail.com"}
{"_id":133,"maSV":"16056991","hoTen":{"ho":"Lê Thị Huỳnh","ten":"Như"},"gioiTinh":"Nữ","maLop":"DHKHMT17A","toHopXetTuyen":[{"mon1":"Toán","diem1":7},{"mon2":"Văn","diem2":0},{"mon3":"Anh Văn","diem3":4}],"tongDiem":11,"diemTrungTuyen":17,"diemUT":1,"noiSinh":"Tiền Giang","email":"Huymhmhucmm2311@gmail.com"}
{"_id":134,"maSV":"19494491","hoTen":{"ho":"Trần Minh","ten":"Nhựt"},"gioiTinh":"Nam","maLop":"DHKHMT17B","toHopXetTuyen":[{"mon1":"Toán","diem1":7},{"mon2":"Văn","diem2":3},{"mon3":"Anh Văn","diem3":10}],"tongDiem":20,"diemTrungTuyen":17,"diemUT":1,"noiSinh":"Tây Ninh","email":"mhuttm2000@gmail.com"}
{"_id":135,"maSV":"18076521","hoTen":{"ho":"Đoàn Khắc","ten":"Ninh"},"gioiTinh":"Nam","maLop":"DHKHMT17B","toHopXetTuyen":[{"mon1":"Toán","diem1":9},{"mon2":"Văn","diem2":2},{"mon3":"Anh Văn","diem3":10}],"tongDiem":21,"diemTrungTuyen":17,"diemUT":1,"noiSinh":"Quảng Ngãi","email":"doamkhacmimh2@gmail.com"}
{"_id":136,"maSV":"19430081","hoTen":{"ho":"Hoàng Nguyễn Gia","ten":"Phúc"},"gioiTinh":"Nam","maLop":"DHKHMT17B","toHopXetTuyen":[{"mon1":"Toán","diem1":10},{"mon2":"Văn","diem2":8},{"mon3":"Anh Văn","diem3":6}],"tongDiem":24,"diemTrungTuyen":17,"diemUT":1,"noiSinh":"TP Hồ Chí Minh","email":"hoamggiaphuc3108@gmail.com"}
{"_id":137,"maSV":"19489331","hoTen":{"ho":"Hà Kim","ten":"Phụng"},"gioiTinh":"Nữ","maLop":"DHKHMT17B","toHopXetTuyen":[{"mon1":"Toán","diem1":4},{"mon2":"Văn","diem2":10},{"mon3":"Anh Văn","diem3":7}],"tongDiem":21,"diemTrungTuyen":17,"diemUT":0,"noiSinh":"Bình Dương","email":"phumghk2001@gmail.com"}
{"_id":138,"maSV":"18047541","hoTen":{"ho":"Lợi Mai Ngọc","ten":"Phụng"},"gioiTinh":"Nữ","maLop":"DHKHMT17B","toHopXetTuyen":[{"mon1":"Toán","diem1":7},{"mon2":"Văn","diem2":8},{"mon3":"Anh Văn","diem3":2}],"tongDiem":17,"diemTrungTuyen":17,"diemUT":1,"noiSinh":"TP Hồ Chí Minh","email":"Phumg.supy@gmail.com"}
{"_id":139,"maSV":"19495301","hoTen":{"ho":"Võ Thị Hoài","ten":"Phương"},"gioiTinh":"Nữ","maLop":"DHKHMT17B","toHopXetTuyen":[{"mon1":"Toán","diem1":7},{"mon2":"Văn","diem2":2},{"mon3":"Anh Văn","diem3":8}],"tongDiem":17,"diemTrungTuyen":17,"diemUT":0,"noiSinh":"Tây Ninh","email":"hoaiphuomg.2001tmi@gmail.com"}
{"_id":140,"maSV":"19499721","hoTen":{"ho":"Trần Minh","ten":"Quang"},"gioiTinh":"Nam","maLop":"DHKHMT17B","toHopXetTuyen":[{"mon1":"Toán","diem1":9},{"mon2":"Văn","diem2":7},{"mon3":"Anh Văn","diem3":2}],"tongDiem":18,"diemTrungTuyen":17,"diemUT":0,"noiSinh":"Nghệ An","email":"mquamg270101@gmail.com"}
{"_id":141,"maSV":"18048181","hoTen":{"ho":"Nguyễn Thị Tươi","ten":"Sang"},"gioiTinh":"Nữ","maLop":"DHKHMT17B","toHopXetTuyen":[{"mon1":"Toán","diem1":6},{"mon2":"Văn","diem2":6},{"mon3":"Anh Văn","diem3":1}],"tongDiem":13,"diemTrungTuyen":17,"diemUT":1,"noiSinh":"Bình Định","email":"mguyomthituoisamg.mg@gmail.com"}
{"_id":142,"maSV":"19496041","hoTen":{"ho":"Trần Trung","ten":"Sơn"},"gioiTinh":"Nam","maLop":"DHKHMT17B","toHopXetTuyen":[{"mon1":"Toán","diem1":10},{"mon2":"Văn","diem2":6},{"mon3":"Anh Văn","diem3":1}],"tongDiem":17,"diemTrungTuyen":17,"diemUT":1,"noiSinh":"TP Hồ Chí Minh","email":"somtram31122001@gmail.com"}
{"_id":143,"maSV":"18082281","hoTen":{"ho":"Hoàng Thị Mai","ten":"Sương"},"gioiTinh":"Nữ","maLop":"DHKHMT17B","toHopXetTuyen":[{"mon1":"Toán","diem1":5},{"mon2":"Văn","diem2":2},{"mon3":"Anh Văn","diem3":3}],"tongDiem":10,"diemTrungTuyen":17,"diemUT":0,"noiSinh":"Nghệ An","email":"maisuomgdd08@gmail.com"}
{"_id":144,"maSV":"19529911","hoTen":{"ho":"Hồ Thị Hồng","ten":"Thắm"},"gioiTinh":"Nữ","maLop":"DHKHMT17B","toHopXetTuyen":[{"mon1":"Toán","diem1":0},{"mon2":"Văn","diem2":8},{"mon3":"Anh Văn","diem3":10}],"tongDiem":18,"diemTrungTuyen":17,"diemUT":1,"noiSinh":"Bình thuận","email":"viparmy2203@gmail.com"}
{"_id":145,"maSV":"18062141","hoTen":{"ho":"Phan Thị","ten":"Thảo"},"gioiTinh":"Nữ","maLop":"DHKHMT17B","toHopXetTuyen":[{"mon1":"Toán","diem1":4},{"mon2":"Văn","diem2":9},{"mon3":"Anh Văn","diem3":0}],"tongDiem":13,"diemTrungTuyen":17,"diemUT":1,"noiSinh":"Đồng Nai","email":"phamthithao.phamthidumg@gmail.com"}
{"_id":146,"maSV":"14087261","hoTen":{"ho":"Nguyễn Ngọc","ten":"Thiện"},"gioiTinh":"Nam","maLop":"DHKHMT17B","toHopXetTuyen":[{"mon1":"Toán","diem1":10},{"mon2":"Văn","diem2":9},{"mon3":"Anh Văn","diem3":10}],"tongDiem":29,"diemTrungTuyen":17,"diemUT":0,"noiSinh":"Bình Định","email":"thiom.ktmamviot@gmail.com"}
{"_id":147,"maSV":"18086871","hoTen":{"ho":"Phan Viết","ten":"Thìn"},"gioiTinh":"Nam","maLop":"DHKHMT17B","toHopXetTuyen":[{"mon1":"Toán","diem1":0},{"mon2":"Văn","diem2":5},{"mon3":"Anh Văn","diem3":8}],"tongDiem":13,"diemTrungTuyen":17,"diemUT":0,"noiSinh":"Hà Tĩnh","email":"thimpham1123@gmail.com"}
{"_id":148,"maSV":"18058561","hoTen":{"ho":"Trần Hoàng","ten":"Thông"},"gioiTinh":"Nam","maLop":"DHKHMT17B","toHopXetTuyen":[{"mon1":"Toán","diem1":10},{"mon2":"Văn","diem2":2},{"mon3":"Anh Văn","diem3":0}],"tongDiem":12,"diemTrungTuyen":17,"diemUT":1,"noiSinh":"TP Hồ Chí Minh","email":"tramhoamgthomg3424@gmail.com"}
{"_id":149,"maSV":"18063921","hoTen":{"ho":"Nguyễn Thị Minh","ten":"Thư"},"gioiTinh":"Nữ","maLop":"DHKHMT17B","toHopXetTuyen":[{"mon1":"Toán","diem1":1},{"mon2":"Lý","diem2":10},{"mon3":"Hóa","diem3":7}],"tongDiem":18,"diemTrungTuyen":17,"diemUT":0,"noiSinh":"Vũng Tàu","email":"mimhthugucci@gmail.com"}
{"_id":150,"maSV":"17055081","hoTen":{"ho":"Hà Thị Huyền","ten":"Thương"},"gioiTinh":"","maLop":"DHKHMT17B","toHopXetTuyen":[{"mon1":"Toán","diem1":7},{"mon2":"Lý","diem2":0},{"mon3":"Hóa","diem3":5}],"tongDiem":12,"diemTrungTuyen":17,"diemUT":1,"noiSinh":"","email":""}
{"_id":151,"maSV":"18026551","hoTen":{"ho":"Trần Thị","ten":"Thương"},"gioiTinh":"Nữ","maLop":"DHKHMT17B","toHopXetTuyen":[{"mon1":"Toán","diem1":2},{"mon2":"Lý","diem2":9},{"mon3":"Hóa","diem3":4}],"tongDiem":15,"diemTrungTuyen":17,"diemUT":0,"noiSinh":"Dak Lak","email":"thuomgtramthi198@gmail.com"}
{"_id":152,"maSV":"17033831","hoTen":{"ho":"Đỗ Thị Tiến","ten":"Thùy"},"gioiTinh":"Nữ","maLop":"DHKHMT17B","toHopXetTuyen":[{"mon1":"Toán","diem1":4},{"mon2":"Lý","diem2":1},{"mon3":"Hóa","diem3":0}],"tongDiem":5,"diemTrungTuyen":17,"diemUT":1,"noiSinh":"Long An","email":"ttiomthuydo@gmail.com"}
{"_id":153,"maSV":"19518741","hoTen":{"ho":"Đỗ Thị","ten":"Thủy"},"gioiTinh":"Nữ","maLop":"DHHTTT17","toHopXetTuyen":[{"mon1":"Toán","diem1":3},{"mon2":"Lý","diem2":3},{"mon3":"Hóa","diem3":4}],"tongDiem":10,"diemTrungTuyen":17,"diemUT":0,"noiSinh":"Thanh Hóa","email":"dothithuy090611@gmail.com"}
{"_id":154,"maSV":"17081791","hoTen":{"ho":"Nguyễn Ngọc Thủy","ten":"Tiên"},"gioiTinh":"Nữ","maLop":"DHHTTT17","toHopXetTuyen":[{"mon1":"Toán","diem1":7},{"mon2":"Lý","diem2":9},{"mon3":"Hóa","diem3":0}],"tongDiem":16,"diemTrungTuyen":17,"diemUT":1,"noiSinh":"Đồng Nai","email":"holom1861999@gmail.com"}
{"_id":155,"maSV":"18078211","hoTen":{"ho":"Võ Thị Mộng","ten":"Tiền"},"gioiTinh":"Nữ","maLop":"DHHTTT17","toHopXetTuyen":[{"mon1":"Toán","diem1":4},{"mon2":"Lý","diem2":3},{"mon3":"Hóa","diem3":2}],"tongDiem":9,"diemTrungTuyen":17,"diemUT":0,"noiSinh":"An Giang","email":"momgtiom106@gmail.com"}
{"_id":156,"maSV":"17043421","hoTen":{"ho":"Lê Hoàng Nhân","ten":"Tín"},"gioiTinh":"Nam","maLop":"DHHTTT17","toHopXetTuyen":[{"mon1":"Toán","diem1":2},{"mon2":"Lý","diem2":6},{"mon3":"Hóa","diem3":0}],"tongDiem":8,"diemTrungTuyen":17,"diemUT":0,"noiSinh":"TP Hồ Chí Minh","email":"mhamtim.1012@gmail.com"}
{"_id":157,"maSV":"19486631","hoTen":{"ho":"Lê Nhật","ten":"Tính"},"gioiTinh":"Nam","maLop":"DHHTTT17","toHopXetTuyen":[{"mon1":"Toán","diem1":7},{"mon2":"Lý","diem2":7},{"mon3":"Hóa","diem3":2}],"tongDiem":16,"diemTrungTuyen":17,"diemUT":1,"noiSinh":"Bình Định","email":"lomhattimh2001@gmail.com"}
{"_id":158,"maSV":"20088981","hoTen":{"ho":"Võ Nguyễn Huy","ten":"Toàn"},"gioiTinh":"Nam","maLop":"DHHTTT17","toHopXetTuyen":[{"mon1":"Toán","diem1":5},{"mon2":"Lý","diem2":5},{"mon3":"Hóa","diem3":9}],"tongDiem":19,"diemTrungTuyen":17,"diemUT":1,"noiSinh":"Vũng Tàu","email":"vomguyomhuytoam170602@gmail.com"}
{"_id":159,"maSV":"19454901","hoTen":{"ho":"Nguyễn Thị Ngọc","ten":"Trân"},"gioiTinh":"Nữ","maLop":"DHHTTT17","toHopXetTuyen":[{"mon1":"Toán","diem1":10},{"mon2":"Lý","diem2":8},{"mon3":"Hóa","diem3":7}],"tongDiem":25,"diemTrungTuyen":17,"diemUT":0,"noiSinh":"Long An","email":"mgoctrammguyom.150401@gmail.com"}
{"_id":160,"maSV":"18082741","hoTen":{"ho":"Nguyễn Thị Quỳnh","ten":"Trang"},"gioiTinh":"Nữ","maLop":"DHHTTT17","toHopXetTuyen":[{"mon1":"Toán","diem1":9},{"mon2":"Lý","diem2":3},{"mon3":"Hóa","diem3":5}],"tongDiem":17,"diemTrungTuyen":17,"diemUT":1,"noiSinh":"Nghệ An","email":"mtquymhtramg1992000@gmail.com"}
{"_id":161,"maSV":"19490921","hoTen":{"ho":"Nguyễn Thị Thu","ten":"Trang"},"gioiTinh":"Nữ","maLop":"DHHTTT17","toHopXetTuyen":[{"mon1":"Toán","diem1":6},{"mon2":"Lý","diem2":0},{"mon3":"Hóa","diem3":0}],"tongDiem":6,"diemTrungTuyen":17,"diemUT":1,"noiSinh":"Ninh Thuận","email":"mguyomthithutramg12122001@gmail.com"}
{"_id":162,"maSV":"17089991","hoTen":{"ho":"Nguyễn Gia","ten":"Trí"},"gioiTinh":"Nam","maLop":"DHHTTT17","toHopXetTuyen":[{"mon1":"Toán","diem1":2},{"mon2":"Lý","diem2":9},{"mon3":"Hóa","diem3":1}],"tongDiem":12,"diemTrungTuyen":17,"diemUT":1,"noiSinh":"Bến Tre","email":"mguyomgiatri2211@gmail.com"}
{"_id":163,"maSV":"19493921","hoTen":{"ho":"Tạ Minh","ten":"Trí"},"gioiTinh":"Nam","maLop":"DHHTTT17","toHopXetTuyen":[{"mon1":"Toán","diem1":9},{"mon2":"Lý","diem2":0},{"mon3":"Hóa","diem3":2}],"tongDiem":11,"diemTrungTuyen":17,"diemUT":1,"noiSinh":"Đồng Nai","email":"tamimhtrikuto789@gmail.com"}
{"_id":164,"maSV":"16041871","hoTen":{"ho":"Huỳnh Anh","ten":"Tuấn"},"gioiTinh":"Nam","maLop":"DHHTTT17","toHopXetTuyen":[{"mon1":"Toán","diem1":2},{"mon2":"Lý","diem2":7},{"mon3":"Hóa","diem3":6}],"tongDiem":15,"diemTrungTuyen":17,"diemUT":1,"noiSinh":"Ninh Thuận","email":"tuamhuymhml98@gmail.com"}
{"_id":165,"maSV":"18042111","hoTen":{"ho":"Lê","ten":"Tuấn"},"gioiTinh":"Nam","maLop":"DHHTTT17","toHopXetTuyen":[{"mon1":"Toán","diem1":9},{"mon2":"Lý","diem2":1},{"mon3":"Hóa","diem3":1}],"tongDiem":11,"diemTrungTuyen":17,"diemUT":0,"noiSinh":"Bình Dương","email":"lotuam2580369@gmail.com"}
{"_id":166,"maSV":"19432581","hoTen":{"ho":"Nguyễn Phan Hoàng","ten":"Tuấn"},"gioiTinh":"Nam","maLop":"DHHTTT17","toHopXetTuyen":[{"mon1":"Toán","diem1":3},{"mon2":"Lý","diem2":7},{"mon3":"Hóa","diem3":10}],"tongDiem":20,"diemTrungTuyen":17,"diemUT":1,"noiSinh":"Sóc Trăng","email":"mguyomphtuam2001@gmail.com"}
{"_id":167,"maSV":"16030761","hoTen":{"ho":"Võ Minh","ten":"Tuấn"},"gioiTinh":"Nam","maLop":"DHHTTT17","toHopXetTuyen":[{"mon1":"Toán","diem1":5},{"mon2":"Lý","diem2":2},{"mon3":"Hóa","diem3":7}],"tongDiem":14,"diemTrungTuyen":17,"diemUT":1,"noiSinh":"Đồng Tháp","email":"v.m.tuam1603@gmail.com"}
{"_id":168,"maSV":"18099021","hoTen":{"ho":"Nguyễn Quang","ten":"Tuyến"},"gioiTinh":"Nam","maLop":"DHHTTT17","toHopXetTuyen":[{"mon1":"Toán","diem1":6},{"mon2":"Lý","diem2":9},{"mon3":"Hóa","diem3":7}],"tongDiem":22,"diemTrungTuyen":17,"diemUT":1,"noiSinh":"Khánh hoà","email":"mguyomtuyompt96@gmail.com"}
{"_id":169,"maSV":"19492951","hoTen":{"ho":"Nguyễn Thị Thu","ten":"Uyên"},"gioiTinh":"Nữ","maLop":"DHHTTT17","toHopXetTuyen":[{"mon1":"Toán","diem1":3},{"mon2":"Lý","diem2":8},{"mon3":"Hóa","diem3":7}],"tongDiem":18,"diemTrungTuyen":17,"diemUT":1,"noiSinh":"Đồng Nai","email":"mguyomuyom241201@gmail.com"}
{"_id":170,"maSV":"20047381","hoTen":{"ho":"Phan Thị Phương","ten":"Uyên"},"gioiTinh":"Nữ","maLop":"DHHTTT17","toHopXetTuyen":[{"mon1":"Toán","diem1":10},{"mon2":"Lý","diem2":3},{"mon3":"Hóa","diem3":7}],"tongDiem":20,"diemTrungTuyen":17,"diemUT":0,"noiSinh":"Dak Lak","email":"Phamtpuyom0601@gmail.com"}
{"_id":171,"maSV":"17078491","hoTen":{"ho":"Trần Mai Tố","ten":"Uyên"},"gioiTinh":"Nữ","maLop":"DHHTTT17","toHopXetTuyen":[{"mon1":"Toán","diem1":6},{"mon2":"Lý","diem2":4},{"mon3":"Hóa","diem3":1}],"tongDiem":11,"diemTrungTuyen":17,"diemUT":1,"noiSinh":"Vũng Tàu","email":"uyommima2307@gmail.com"}
{"_id":172,"maSV":"18049811","hoTen":{"ho":"Trần Như","ten":"Uyên"},"gioiTinh":"Nữ","maLop":"DHHTTT17","toHopXetTuyen":[{"mon1":"Toán","diem1":1},{"mon2":"Lý","diem2":7},{"mon3":"Hóa","diem3":2}],"tongDiem":10,"diemTrungTuyen":17,"diemUT":1,"noiSinh":"Thừa Thiên Huế","email":"mguyomthithuybp1971@gmail.com"}
{"_id":173,"maSV":"19528541","hoTen":{"ho":"Mai Cẩm","ten":"Vi"},"gioiTinh":"Nữ","maLop":"DHHTTT17","toHopXetTuyen":[{"mon1":"Toán","diem1":5},{"mon2":"Lý","diem2":4},{"mon3":"Hóa","diem3":9}],"tongDiem":18,"diemTrungTuyen":17,"diemUT":1,"noiSinh":"Lâm Đồng","email":"Maicamvi3003@gmail.com"}
{"_id":174,"maSV":"18040121","hoTen":{"ho":"Phạm Quốc","ten":"Vương"},"gioiTinh":"Nam","maLop":"DHHTTT17","toHopXetTuyen":[{"mon1":"Toán","diem1":2},{"mon2":"Lý","diem2":8},{"mon3":"Hóa","diem3":0}],"tongDiem":10,"diemTrungTuyen":17,"diemUT":1,"noiSinh":"Vũng Tàu","email":"phamquocvuomgdth171812t1@gmail.com"}
{"_id":175,"maSV":"19496681","hoTen":{"ho":"Nguyễn Thị Hải","ten":"Yến"},"gioiTinh":"Nữ","maLop":"DHHTTT17","toHopXetTuyen":[{"mon1":"Toán","diem1":1},{"mon2":"Lý","diem2":4},{"mon3":"Hóa","diem3":7}],"tongDiem":12,"diemTrungTuyen":17,"diemUT":1,"noiSinh":"Bình Dương","email":"mguyomhaiyom120494@gmail.com"}
{"_id":176,"maSV":"18043961","hoTen":{"ho":"Trần Hoàng Hải","ten":"Yến"},"gioiTinh":"Nữ","maLop":"DHHTTT17","toHopXetTuyen":[{"mon1":"Toán","diem1":5},{"mon2":"Lý","diem2":4},{"mon3":"Hóa","diem3":8}],"tongDiem":17,"diemTrungTuyen":17,"diemUT":1,"noiSinh":"Lâm Đồng","email":"haiyom26072011@gmail.com"}
{"_id":177,"maSV":"17089301","hoTen":{"ho":"Đặng Tiểu","ten":"Nam"},"gioiTinh":"Nam","maLop":"DHHTTT17","toHopXetTuyen":[{"mon1":"Toán","diem1":7},{"mon2":"Lý","diem2":3},{"mon3":"Hóa","diem3":6}],"tongDiem":16,"diemTrungTuyen":17,"diemUT":0,"noiSinh":"Dak Lak","email":"mamdamg090815@gmail.com"}
